! CMT, S5065, 17017441, 22.3.2/2
! Date: 2022-08-18 오후 4:28:17
! Stimulus(Hz),    S11(dB),           S12(dB),           S21(dB),           S22(dB)
9.00000000000E+03,+7.34467281671E-01,-6.90873148004E+01,-6.43407164821E+01,+7.54643240111E-01
9.16925444368E+03,+7.29112814283E-01,-6.99354135324E+01,-6.33291266869E+01,+7.46433368220E-01
9.34169189477E+03,+7.12576947249E-01,-6.70813579116E+01,-6.39063670509E+01,+7.27965041036E-01
9.51737221307E+03,+6.90841108135E-01,-6.94233722294E+01,-6.33138643864E+01,+7.07261875468E-01
9.69635638410E+03,+6.77998869020E-01,-7.15572335436E+01,-6.18603299971E+01,+6.87590944445E-01
9.87870654027E+03,+6.61181118470E-01,-6.39840742153E+01,-6.29171907891E+01,+6.63689166786E-01
1.00644859825E+04,+6.43494211101E-01,-6.87853392287E+01,-6.33329949637E+01,+6.45885835468E-01
1.02537592020E+04,+6.26048663153E-01,-6.60459239983E+01,-6.36003061916E+01,+6.21846711791E-01
1.04465919031E+04,+6.03736341513E-01,-7.01691594581E+01,-6.67004762860E+01,+5.92219999208E-01
1.06430510254E+04,+5.82674611605E-01,-6.60144681169E+01,-6.33695839137E+01,+5.75021692665E-01
1.08432047676E+04,+5.61990520498E-01,-6.84851401814E+01,-6.37323848985E+01,+5.52109586167E-01
1.10471226110E+04,+5.41735403422E-01,-6.87315663448E+01,-6.62665629365E+01,+5.27452247618E-01
1.12548753435E+04,+5.23184071577E-01,-6.96986139777E+01,-6.57890712602E+01,+5.04746397467E-01
1.14665350840E+04,+4.97004839613E-01,-6.98116631762E+01,-6.39426723589E+01,+4.80363472484E-01
1.16821753081E+04,+4.78696756191E-01,-6.79388608594E+01,-6.58961006929E+01,+4.53824632088E-01
1.19018708728E+04,+4.56764320117E-01,-7.02419831064E+01,-6.66846518973E+01,+4.31234101041E-01
1.21256980432E+04,+4.29123747687E-01,-7.07955386077E+01,-6.80755579344E+01,+4.05692835145E-01
1.23537345184E+04,+4.11869257171E-01,-6.54117515059E+01,-6.35680724915E+01,+3.80575142207E-01
1.25860594587E+04,+3.88207821782E-01,-6.79366205200E+01,-6.82285425655E+01,+3.53309582451E-01
1.28227535134E+04,+3.63058198537E-01,-6.88741556830E+01,-6.57576721845E+01,+3.27182690269E-01
1.30638988481E+04,+3.41494966061E-01,-6.37125229842E+01,-6.57492340905E+01,+2.99356244889E-01
1.33095791739E+04,+3.27824037875E-01,-6.67431223201E+01,-6.57369702535E+01,+2.88160507101E-01
1.35598797759E+04,+3.14523000081E-01,-6.72966215445E+01,-6.52820190015E+01,+2.73141333343E-01
1.38148875435E+04,+2.99239561403E-01,-6.59871632683E+01,-6.61508964422E+01,+2.59271344139E-01
1.40746909997E+04,+2.89612497253E-01,-6.55202953411E+01,-6.61286052311E+01,+2.47269445753E-01
1.43393803325E+04,+2.71898530776E-01,-6.75589799929E+01,-6.71696834652E+01,+2.36849491676E-01
1.46090474259E+04,+2.54660951800E-01,-6.91084958946E+01,-6.62568631102E+01,+2.25072610386E-01
1.48837858920E+04,+2.44803517629E-01,-7.00472211649E+01,-6.55429628950E+01,+2.09161704324E-01
1.51636911032E+04,+2.26000212719E-01,-7.09986683514E+01,-6.63068556917E+01,+1.98464993861E-01
1.54488602256E+04,+2.12135531112E-01,-6.88052494763E+01,-6.75104155313E+01,+1.82770179448E-01
1.57393922526E+04,+1.94391220473E-01,-7.19694246511E+01,-6.57433468601E+01,+1.67781630318E-01
1.60353880393E+04,+1.81858893816E-01,-6.67378380598E+01,-6.80550341159E+01,+1.53329942090E-01
1.63369503372E+04,+1.65666136211E-01,-6.54268621037E+01,-6.72437086813E+01,+1.41392790370E-01
1.66441838307E+04,+1.50661242165E-01,-6.80815941233E+01,-6.63984262026E+01,+1.27721989925E-01
1.69571951723E+04,+1.35654317171E-01,-6.98206335900E+01,-6.84625483636E+01,+1.13905112486E-01
1.72760930207E+04,+1.15414665789E-01,-6.67648261452E+01,-6.84286035688E+01,+1.01747558683E-01
1.76009880777E+04,+1.12289283564E-01,-6.54602870423E+01,-6.66281720038E+01,+8.74810910423E-02
1.79319931272E+04,+1.02724873116E-01,-6.71925965974E+01,-6.69297732501E+01,+7.73036522532E-02
1.82692230739E+04,+9.14087539082E-02,-6.66314130599E+01,-6.52940448980E+01,+6.48671621087E-02
1.86127949837E+04,+8.63690364787E-02,-7.23033026437E+01,-6.58284207153E+01,+5.19356029061E-02
1.89628281237E+04,+8.10792298149E-02,-6.88866150188E+01,-6.63828021883E+01,+3.58234005414E-02
1.93194440042E+04,+7.20248548018E-02,-6.56005249227E+01,-6.67949473231E+01,+2.52119065215E-02
1.96827664206E+04,+7.87630035876E-02,-6.59540538734E+01,-6.56923189629E+01,+3.45609924614E-02
2.00529214962E+04,+7.66432573836E-02,-6.63260708423E+01,-6.48678472614E+01,+4.61119864798E-02
2.04300377265E+04,+7.29366934365E-02,-6.69490348909E+01,-6.70541030287E+01,+4.05927055831E-02
2.08142460231E+04,+6.78942431844E-02,-6.57567698450E+01,-6.62584039242E+01,+4.33037766323E-02
2.12056797599E+04,+6.49043466165E-02,-6.62387190633E+01,-6.54231220585E+01,+3.32568714313E-02
2.16044748189E+04,+5.80592534481E-02,-6.65802238806E+01,-6.60305028320E+01,+3.13317008033E-02
2.20107696374E+04,+5.78993010529E-02,-6.52525317470E+01,-6.47581197141E+01,+2.64073276154E-02
2.24247052562E+04,+5.11225068373E-02,-6.36795446791E+01,-6.68181927241E+01,+2.39350645445E-02
2.28464253688E+04,+4.78733389930E-02,-6.82925487769E+01,-6.59865469418E+01,+2.28589478045E-02
2.32760763706E+04,+5.17280135877E-02,-6.43716205706E+01,-6.52403192611E+01,+2.13900621416E-02
2.37138074102E+04,+4.76978950414E-02,-6.48864497959E+01,-6.48335383631E+01,+1.91603953306E-02
2.41597704414E+04,+4.22895014466E-02,-6.39873795367E+01,-6.43046469086E+01,+1.35399581092E-02
2.46141202754E+04,+3.41782776594E-02,-6.64722506241E+01,-6.41962182310E+01,+1.10165660839E-02
2.50770146347E+04,+2.37860674367E-02,-6.40588313046E+01,-6.57957687232E+01,+1.19863070260E-02
2.55486142082E+04,+1.99760873440E-02,-6.45026899727E+01,-6.46598686392E+01,+7.53033612402E-03
2.60290827065E+04,+1.73053297874E-02,-6.43414939992E+01,-6.50776138352E+01,+3.34303910492E-03
2.65185869190E+04,+1.69064124470E-02,-6.49384520638E+01,-6.41569004113E+01,+1.23977315756E-03
2.70172967719E+04,+8.97551251761E-03,-6.48827108323E+01,-6.40855090819E+01,-1.40614878956E-03
2.75253853869E+04,+1.42672355954E-02,-6.35021941212E+01,-6.39398623874E+01,-1.10543376916E-04
2.80430291415E+04,+1.15576616078E-02,-6.36403528448E+01,-6.40805004464E+01,-2.58951288268E-03
2.85704077300E+04,+4.93819928322E-03,-6.36455865981E+01,-6.37630074410E+01,-2.15838336831E-03
2.91077042262E+04,+3.16606289215E-03,-6.29052468844E+01,-6.36549874951E+01,-3.08606885287E-03
2.96551051468E+04,-2.61283658691E-03,-6.30923116369E+01,-6.34784899258E+01,-1.26687683714E-03
3.02128005161E+04,-3.02807744738E-04,-6.33526623289E+01,-6.28811731667E+01,-4.77754276814E-03
3.07809839321E+04,-9.57612452876E-04,-6.27310254361E+01,-6.30825690488E+01,-1.69890996626E-03
3.13598526333E+04,-1.12965696969E-03,-6.34911459557E+01,-6.27023158813E+01,-2.23838509623E-03
3.19496075679E+04,-9.75660867556E-03,-6.20362354491E+01,-6.33007589841E+01,-6.74151845391E-03
3.25504534629E+04,-9.69984527193E-03,-6.33078552199E+01,-6.28103002807E+01,-1.09759701843E-02
3.31625988954E+04,-9.60609089317E-03,-6.36763276297E+01,-6.25236093494E+01,-9.01815083012E-03
3.37862563651E+04,-9.76362671990E-03,-6.17589237396E+01,-6.22361506106E+01,-2.73933269094E-03
3.44216423679E+04,-1.71251793622E-02,-6.39669135434E+01,-6.22399827592E+01,-9.93464140605E-03
3.50689774712E+04,-1.53572354479E-02,-6.23192540515E+01,-6.16615735356E+01,-6.36392791873E-03
3.57284863903E+04,-1.31793115645E-02,-6.04039394733E+01,-6.17163581534E+01,-8.79990513765E-03
3.64003980667E+04,-7.43818637676E-03,-6.17496186469E+01,-6.22853485120E+01,-9.10976368689E-03
3.70849457472E+04,-8.49440973329E-03,-6.14712861187E+01,-6.17340465760E+01,-7.93236740127E-03
3.77823670651E+04,-5.67836233226E-03,-6.17560515129E+01,-6.23872793991E+01,-8.77431619693E-03
3.84929041228E+04,-9.08867937443E-03,-6.08235144056E+01,-6.17595935610E+01,-1.05579316854E-02
3.92168035753E+04,-6.22220434304E-03,-6.08597830218E+01,-6.08142418910E+01,-5.56821692491E-03
3.99543167167E+04,-6.27732822919E-03,-6.06846603786E+01,-6.09683647341E+01,-4.80728133859E-03
4.07056995665E+04,-4.03709307773E-03,-5.99604710240E+01,-6.08060139610E+01,-3.87672125503E-03
4.14712129593E+04,-2.52136223859E-03,-6.10177488511E+01,-6.05989393763E+01,-6.86975494007E-03
4.22511226346E+04,-9.46815185259E-03,-6.09788241305E+01,-6.00023582276E+01,-6.47339003216E-03
4.30456993298E+04,-5.11741394877E-03,-6.04412197842E+01,-6.02240398100E+01,-4.73944369333E-03
4.38552188734E+04,-7.75877662461E-03,-5.99445719127E+01,-5.97585258146E+01,-8.66186348432E-03
4.46799622815E+04,-2.77658105247E-03,-5.96940427762E+01,-5.94141183685E+01,-4.36054747155E-03
4.55202158548E+04,-3.05546182727E-03,-6.02384264488E+01,-5.94869741702E+01,-8.02053744397E-03
4.63762712782E+04,-6.87700932802E-03,-5.95585553644E+01,-5.93641820428E+01,-5.78690557351E-03
4.72484257222E+04,-7.59163876976E-03,-5.93092584442E+01,-5.96939022741E+01,-7.01211001502E-03
4.81369819455E+04,-6.00332391415E-03,-5.92109413802E+01,-5.90190611474E+01,-9.07126747229E-03
4.90422484011E+04,-6.85480583918E-04,-5.88567491326E+01,-5.88797665897E+01,-7.80608895351E-03
4.99645393422E+04,-5.37227323440E-03,-5.91843730275E+01,-5.84236564849E+01,-6.54955468338E-03
5.09041749322E+04,-5.90145133844E-03,-5.88720460853E+01,-5.92406210840E+01,-1.00492066353E-02
5.18614813554E+04,-6.63095137414E-03,-5.83731150352E+01,-5.86709197734E+01,-8.95422521751E-03
5.28367909305E+04,-7.23126454708E-03,-5.87007878929E+01,-5.87488973593E+01,-8.00465818637E-03
5.38304422254E+04,-8.64435391050E-03,-5.84974433541E+01,-5.82332410004E+01,-1.12665887393E-02
5.48427801757E+04,-4.91778417807E-03,-5.80337704895E+01,-5.83001854511E+01,-9.61354612044E-03
5.58741562033E+04,-8.76847755557E-03,-5.77674586846E+01,-5.79289424968E+01,-8.91946254699E-03
5.69249283393E+04,-9.00797061808E-03,-5.72942887116E+01,-5.73132243671E+01,-1.03925760154E-02
5.79954613480E+04,-1.04273348301E-02,-5.76884199454E+01,-5.74927263634E+01,-1.12029517988E-02
5.90861268531E+04,-1.34594813307E-02,-5.78834132313E+01,-5.72479461489E+01,-1.31000982210E-02
6.01973034675E+04,-1.40701800511E-02,-5.73014666669E+01,-5.75476965185E+01,-1.42883666134E-02
6.13293769242E+04,-1.32495407885E-02,-5.68950781605E+01,-5.73148758312E+01,-1.42616837164E-02
6.24827402100E+04,-1.49250435328E-02,-5.72003635807E+01,-5.72033691074E+01,-1.58932214299E-02
6.36577937027E+04,-1.45463272154E-02,-5.68257572559E+01,-5.64271105859E+01,-1.47978195971E-02
6.48549453092E+04,-1.34493603467E-02,-5.65902074960E+01,-5.64679862986E+01,-1.44388462049E-02
6.60746106079E+04,-1.54549232485E-02,-5.63787704410E+01,-5.62682183507E+01,-1.56018353443E-02
6.73172129924E+04,-1.72990189773E-02,-5.65686895095E+01,-5.62292963420E+01,-1.74553042224E-02
6.85831838185E+04,-1.94168329413E-02,-5.64266844509E+01,-5.64729710026E+01,-1.91396552811E-02
6.98729625544E+04,-1.53657901532E-02,-5.58926153817E+01,-5.59349528773E+01,-1.76062793399E-02
7.11869969328E+04,-1.75472025811E-02,-5.57897607385E+01,-5.56845333444E+01,-1.90504986264E-02
7.25257431065E+04,-1.99529958079E-02,-5.57600406018E+01,-5.55246728810E+01,-1.74482102880E-02
7.38896658067E+04,-1.68974649309E-02,-5.55463974965E+01,-5.52531889343E+01,-1.57146567202E-02
7.52792385045E+04,-1.87479627214E-02,-5.52423928356E+01,-5.53056663622E+01,-1.80095893709E-02
7.66949435749E+04,-1.88109319110E-02,-5.51654099452E+01,-5.55914335381E+01,-1.88743795115E-02
7.81372724647E+04,-2.10842739881E-02,-5.52353882800E+01,-5.48620672044E+01,-1.76580700118E-02
7.96067258626E+04,-2.16089525279E-02,-5.48622705403E+01,-5.49591545097E+01,-1.86106589033E-02
8.11038138737E+04,-2.31036851824E-02,-5.46981163935E+01,-5.47654440001E+01,-1.98455869087E-02
8.26290561956E+04,-2.22112894495E-02,-5.47476241990E+01,-5.46464115300E+01,-1.86596579391E-02
8.41829822999E+04,-2.22919299676E-02,-5.42864848527E+01,-5.43782448243E+01,-2.07757788481E-02
8.57661316150E+04,-2.37482213470E-02,-5.42434850326E+01,-5.42195141472E+01,-2.21896743961E-02
8.73790537143E+04,-2.28332505629E-02,-5.41296804246E+01,-5.42340557852E+01,-2.12247190386E-02
8.90223085061E+04,-2.28062874221E-02,-5.39910194168E+01,-5.41427832432E+01,-2.18197838241E-02
9.06964664284E+04,-2.22415997060E-02,-5.39890331685E+01,-5.38993346130E+01,-2.39182366085E-02
9.24021086472E+04,-2.27721739040E-02,-5.39083734110E+01,-5.37712154118E+01,-2.45270623594E-02
9.41398272577E+04,-2.45676735030E-02,-5.34862023493E+01,-5.35657161842E+01,-2.32887405264E-02
9.59102254900E+04,-2.42185215122E-02,-5.33582543832E+01,-5.34228956184E+01,-2.52625760622E-02
9.77139179187E+04,-2.41705343008E-02,-5.31069469670E+01,-5.33601787186E+01,-2.46139155373E-02
9.95515306762E+04,-2.45331811146E-02,-5.29084528377E+01,-5.30982845479E+01,-2.46267194313E-02
1.01423701670E+05,-2.39796988203E-02,-5.28442230446E+01,-5.28603476032E+01,-2.37581171169E-02
1.03331080803E+05,-2.42889238822E-02,-5.27356808101E+01,-5.27570617640E+01,-2.53763288001E-02
1.05274330203E+05,-2.62176514994E-02,-5.22398163232E+01,-5.25241964105E+01,-2.53987542470E-02
1.07254124447E+05,-2.49946986603E-02,-5.24397299459E+01,-5.24778529534E+01,-2.65170916111E-02
1.09271150798E+05,-2.44248872395E-02,-5.23323758277E+01,-5.24453738565E+01,-2.56282799784E-02
1.11326109447E+05,-2.68630610749E-02,-5.22603353736E+01,-5.22385323258E+01,-2.56769795477E-02
1.13419713749E+05,-2.49877970737E-02,-5.19713978408E+01,-5.18725511159E+01,-2.49521231558E-02
1.15552690478E+05,-2.56424165062E-02,-5.18938384502E+01,-5.17265145127E+01,-2.59311341763E-02
1.17725780071E+05,-2.45834379302E-02,-5.14955122146E+01,-5.16200131829E+01,-2.68543411090E-02
1.19939736895E+05,-2.39905576992E-02,-5.13455279570E+01,-5.15245424042E+01,-2.65495599975E-02
1.22195329500E+05,-2.35734207267E-02,-5.13447651821E+01,-5.13290994096E+01,-2.63700485683E-02
1.24493340890E+05,-2.38510395486E-02,-5.11667249546E+01,-5.13370175216E+01,-2.56521333483E-02
1.26834568796E+05,-2.31316487794E-02,-5.10115583342E+01,-5.11347888509E+01,-2.68332575665E-02
1.29219825950E+05,-2.38356570402E-02,-5.10199015318E+01,-5.08549311472E+01,-2.65133221606E-02
1.31649940367E+05,-2.38105769390E-02,-5.06685405208E+01,-5.07585625696E+01,-2.73280137516E-02
1.34125755635E+05,-2.36945632874E-02,-5.03427343310E+01,-5.03696932818E+01,-2.67617532207E-02
1.36648131208E+05,-2.58173192726E-02,-5.03119257155E+01,-5.04945614492E+01,-2.72622061109E-02
1.39217942700E+05,-2.19858030933E-02,-5.02398192569E+01,-5.01910419005E+01,-2.85494728412E-02
1.41836082194E+05,-2.47631512310E-02,-5.01252193712E+01,-5.00000255143E+01,-2.64566786759E-02
1.44503458548E+05,-2.23870307205E-02,-5.00023247825E+01,-4.97599627764E+01,-2.74131692631E-02
1.47220997713E+05,-2.20559048606E-02,-4.96464711297E+01,-4.97534481578E+01,-2.65764542707E-02
1.49989643053E+05,-2.15377191961E-02,-4.95553852290E+01,-4.95712091928E+01,-2.56081259948E-02
1.52810355675E+05,-2.21656412102E-02,-4.93435440928E+01,-4.93500057440E+01,-2.53484190811E-02
1.55684114757E+05,-2.13348959187E-02,-4.92877733454E+01,-4.91065960471E+01,-2.40743404883E-02
1.58611917894E+05,-2.26568429112E-02,-4.92495414560E+01,-4.90458241798E+01,-2.44233215680E-02
1.61594781441E+05,-2.21715963517E-02,-4.89968072187E+01,-4.89742025485E+01,-2.48673449785E-02
1.64633740867E+05,-2.12080265755E-02,-4.86756899508E+01,-4.87672318152E+01,-2.53322575170E-02
1.67729851114E+05,-2.12982750934E-02,-4.86413939508E+01,-4.85563342586E+01,-2.43847776132E-02
1.70884186963E+05,-2.21061079618E-02,-4.85107715182E+01,-4.84802672929E+01,-2.59042755998E-02
1.74097843407E+05,-2.18604619770E-02,-4.82946638970E+01,-4.82711021785E+01,-2.43011183826E-02
1.77371936033E+05,-2.13913949882E-02,-4.80960855924E+01,-4.82015702787E+01,-2.48402952402E-02
1.80707601406E+05,-2.31696380035E-02,-4.78242547166E+01,-4.79215520236E+01,-2.43569976554E-02
1.84105997466E+05,-2.11204533785E-02,-4.77064753783E+01,-4.78444591222E+01,-2.37488064079E-02
1.87568303931E+05,-2.13309733660E-02,-4.78128979622E+01,-4.76575889419E+01,-2.30006188263E-02
1.91095722701E+05,-2.33230867131E-02,-4.75606055778E+01,-4.74462104645E+01,-2.32386544258E-02
1.94689478283E+05,-2.11294542591E-02,-4.73029699934E+01,-4.73297253270E+01,-2.40049972259E-02
1.98350818209E+05,-2.12155800245E-02,-4.70689676969E+01,-4.71000276423E+01,-2.19719652811E-02
2.02081013475E+05,-2.28961442899E-02,-4.70373577993E+01,-4.70498348599E+01,-2.27994384706E-02
2.05881358977E+05,-2.23516711390E-02,-4.68481527018E+01,-4.68680988478E+01,-2.36262603116E-02
2.09753173963E+05,-2.23041416807E-02,-4.66241951161E+01,-4.66451046699E+01,-2.47038986923E-02
2.13697802493E+05,-1.97536320346E-02,-4.63923569645E+01,-4.65169711551E+01,-2.45821694698E-02
2.17716613901E+05,-2.14265271417E-02,-4.62959901398E+01,-4.63744700804E+01,-2.38073525969E-02
2.21811003275E+05,-2.12688692261E-02,-4.62207709093E+01,-4.61743959300E+01,-2.37650115522E-02
2.25982391938E+05,-1.96186157259E-02,-4.60265287384E+01,-4.60308837623E+01,-2.33350366518E-02
2.30232227941E+05,-2.16627787079E-02,-4.58091400217E+01,-4.59306420259E+01,-2.24114524436E-02
2.34561986570E+05,-2.11505864131E-02,-4.57861276422E+01,-4.58114471874E+01,-2.26740863539E-02
2.38973170853E+05,-1.89479142505E-02,-4.56035753651E+01,-4.55146906124E+01,-2.25997682920E-02
2.43467312085E+05,-2.01156980750E-02,-4.53476873827E+01,-4.54076376390E+01,-2.29604384689E-02
2.48045970358E+05,-1.93922037455E-02,-4.51726829669E+01,-4.52355568811E+01,-2.25520853362E-02
2.52710735105E+05,-1.85394595367E-02,-4.50709505855E+01,-4.49810647945E+01,-2.18402458954E-02
2.57463225647E+05,-1.72302089790E-02,-4.48786473762E+01,-4.49185835309E+01,-2.25308277782E-02
2.62305091761E+05,-2.00467323599E-02,-4.47003886427E+01,-4.46697504830E+01,-2.10040292819E-02
2.67238014248E+05,-1.70625592277E-02,-4.45062197093E+01,-4.45142775531E+01,-2.14870158188E-02
2.72263705518E+05,-1.82675988018E-02,-4.44668394260E+01,-4.45417056292E+01,-2.19698166280E-02
2.77383910186E+05,-1.65966759661E-02,-4.42074575012E+01,-4.42389149047E+01,-2.07772925766E-02
2.82600405676E+05,-1.80257439316E-02,-4.40326681023E+01,-4.40679980247E+01,-2.18182293750E-02
2.87915002836E+05,-1.74459926643E-02,-4.38731347874E+01,-4.38369053019E+01,-2.27138659245E-02
2.93329546573E+05,-1.82382863871E-02,-4.37035443716E+01,-4.37597019731E+01,-2.19651883347E-02
2.98845916487E+05,-1.70202352280E-02,-4.36016267595E+01,-4.34980890008E+01,-2.07740231538E-02
3.04466027525E+05,-1.70200167202E-02,-4.34179623176E+01,-4.34471513825E+01,-2.29735754248E-02
3.10191830648E+05,-1.85777570463E-02,-4.32066449327E+01,-4.32424080735E+01,-2.10314254583E-02
3.16025313507E+05,-1.75812945220E-02,-4.30050832422E+01,-4.31235564453E+01,-2.19216854283E-02
3.21968501132E+05,-1.93897801616E-02,-4.29219388287E+01,-4.29217845923E+01,-2.00447720903E-02
3.28023456637E+05,-1.80149221044E-02,-4.27680075295E+01,-4.27784214755E+01,-2.20276731797E-02
3.34192281933E+05,-1.69512258549E-02,-4.25852838093E+01,-4.26284048768E+01,-1.98948605993E-02
3.40477118462E+05,-1.62830352208E-02,-4.25229663188E+01,-4.24283147852E+01,-2.08511768654E-02
3.46880147937E+05,-1.52229185343E-02,-4.22213281210E+01,-4.22727296154E+01,-1.96868449494E-02
3.53403593099E+05,-1.65373756734E-02,-4.21174946293E+01,-4.21095783252E+01,-1.98221391853E-02
3.60049718493E+05,-1.86823013274E-02,-4.19845252448E+01,-4.18902699334E+01,-2.12112459141E-02
3.66820831249E+05,-1.75581781387E-02,-4.17904358532E+01,-4.17235738486E+01,-2.15221108985E-02
3.73719281885E+05,-1.71080214973E-02,-4.16238911263E+01,-4.16055536354E+01,-2.09571499775E-02
3.80747465123E+05,-1.59644015956E-02,-4.14556138149E+01,-4.14588268409E+01,-2.10883302194E-02
3.87907820723E+05,-1.49176159459E-02,-4.12326063556E+01,-4.12987177743E+01,-2.09248694224E-02
3.95202834322E+05,-1.41497358269E-02,-4.11522327828E+01,-4.11409593019E+01,-2.20839102522E-02
4.02635038307E+05,-1.41320085010E-02,-4.09410971678E+01,-4.09380531193E+01,-2.13114891669E-02
4.10207012687E+05,-1.52225124833E-02,-4.07571648575E+01,-4.07876110012E+01,-1.94381668205E-02
4.17921385989E+05,-1.52756733821E-02,-4.06074493848E+01,-4.06295012310E+01,-2.04943826582E-02
4.25780836177E+05,-1.52933482412E-02,-4.03954088235E+01,-4.04655349844E+01,-2.10721173332E-02
4.33788091572E+05,-1.60917217250E-02,-4.02741148107E+01,-4.02807664148E+01,-2.08187219523E-02
4.41945931807E+05,-1.67071733846E-02,-4.01328354702E+01,-4.01422980844E+01,-1.88555047935E-02
4.50257188788E+05,-1.65148186438E-02,-3.99025987516E+01,-3.99355123582E+01,-2.08404172070E-02
4.58724747677E+05,-1.56187256993E-02,-3.97529830563E+01,-3.97774028246E+01,-2.01496222045E-02
4.67351547896E+05,-1.58814023909E-02,-3.96221297868E+01,-3.96249292880E+01,-2.12834436951E-02
4.76140584145E+05,-1.58426848407E-02,-3.94060206866E+01,-3.94522148666E+01,-2.01968884027E-02
4.85094907443E+05,-1.58066291127E-02,-3.92609168288E+01,-3.92530611051E+01,-1.97800877955E-02
4.94217626187E+05,-1.55616994227E-02,-3.90918250341E+01,-3.90798627833E+01,-2.02888278492E-02
5.03511907229E+05,-1.44162533926E-02,-3.89122969943E+01,-3.89503173539E+01,-2.04156912425E-02
5.12980976978E+05,-1.48433636367E-02,-3.87161631929E+01,-3.87453300754E+01,-1.96807784291E-02
5.22628122520E+05,-1.55842170680E-02,-3.85547647282E+01,-3.86219007230E+01,-1.88798771617E-02
5.32456692757E+05,-1.49742606159E-02,-3.83613265324E+01,-3.84201131000E+01,-1.97062458123E-02
5.42470099570E+05,-1.51312709962E-02,-3.82172848580E+01,-3.82124847054E+01,-2.03262154583E-02
5.52671819005E+05,-1.49496121621E-02,-3.80469026579E+01,-3.80482246801E+01,-2.02997639589E-02
5.63065392479E+05,-1.63419536730E-02,-3.78779334436E+01,-3.78749210799E+01,-1.92380049869E-02
5.73654428008E+05,-1.58223195174E-02,-3.77151329089E+01,-3.77109316266E+01,-1.94187978282E-02
5.84442601461E+05,-1.49896617653E-02,-3.75087282482E+01,-3.75175675135E+01,-2.02293216492E-02
5.95433657836E+05,-1.57591421564E-02,-3.73806144806E+01,-3.73302564106E+01,-2.07149254248E-02
6.06631412558E+05,-1.63246197655E-02,-3.71452367038E+01,-3.71819242275E+01,-2.00431981354E-02
6.18039752809E+05,-1.41697676122E-02,-3.69729882926E+01,-3.70154298665E+01,-2.00050343829E-02
6.29662638868E+05,-1.56584885245E-02,-3.67833411171E+01,-3.68547190714E+01,-1.98625069602E-02
6.41504105496E+05,-1.67163548216E-02,-3.66206803328E+01,-3.66154064324E+01,-1.95753218346E-02
6.53568263328E+05,-1.57282978341E-02,-3.64497867866E+01,-3.64548653520E+01,-1.92868266430E-02
6.65859300308E+05,-1.59408137817E-02,-3.62700902045E+01,-3.62618319973E+01,-1.78245805990E-02
6.78381483135E+05,-1.68340911600E-02,-3.60477783457E+01,-3.60727506537E+01,-1.77577195219E-02
6.91139158750E+05,-1.61702588668E-02,-3.58711020421E+01,-3.59082569668E+01,-1.83452207669E-02
7.04136755841E+05,-1.45714303934E-02,-3.56972858810E+01,-3.56969662042E+01,-2.01666259672E-02
7.17378786384E+05,-1.57332846461E-02,-3.55077828690E+01,-3.55324881719E+01,-2.10907427368E-02
7.30869847206E+05,-1.52699276882E-02,-3.53046608975E+01,-3.53475926302E+01,-2.00583883434E-02
7.44614621583E+05,-1.57946341553E-02,-3.51404504868E+01,-3.51202316506E+01,-2.05302664309E-02
7.58617880864E+05,-1.50655011224E-02,-3.49062339410E+01,-3.49427134944E+01,-1.96458127536E-02
7.72884486130E+05,-1.58109585057E-02,-3.47229062514E+01,-3.47524939739E+01,-2.10648945317E-02
7.87419389878E+05,-1.66391867264E-02,-3.45690151935E+01,-3.45793189118E+01,-2.03474275402E-02
8.02227637742E+05,-1.73338896519E-02,-3.43552132551E+01,-3.43553460552E+01,-2.05674681910E-02
8.17314370246E+05,-1.80395038867E-02,-3.41651848791E+01,-3.41846763377E+01,-2.19281543677E-02
8.32684824584E+05,-1.73298427177E-02,-3.39453029668E+01,-3.39775387973E+01,-2.24482238020E-02
8.48344336445E+05,-1.84798703106E-02,-3.37935253022E+01,-3.38134419135E+01,-2.38035202137E-02
8.64298341858E+05,-1.85793848487E-02,-3.35657124096E+01,-3.35744528786E+01,-2.33592444276E-02
8.80552379083E+05,-1.75150315250E-02,-3.33538749293E+01,-3.33807109301E+01,-2.32407825107E-02
8.97112090533E+05,-1.78712675883E-02,-3.31437255588E+01,-3.31771542099E+01,-2.41299000839E-02
9.13983224734E+05,-1.92064833523E-02,-3.29601585428E+01,-3.29680690652E+01,-2.49136176615E-02
9.31171638316E+05,-1.91553142085E-02,-3.27581797080E+01,-3.27397757133E+01,-2.44759135195E-02
9.48683298051E+05,-2.13273248671E-02,-3.25483199580E+01,-3.25457276005E+01,-2.62625790763E-02
9.66524282922E+05,-2.05033333225E-02,-3.23037075385E+01,-3.23245814784E+01,-2.69449844028E-02
9.84700786234E+05,-2.14397777482E-02,-3.20946456156E+01,-3.21117990915E+01,-2.91265086582E-02
1.00321911776E+06,-2.31395566194E-02,-3.18915794676E+01,-3.18839167168E+01,-3.08272197734E-02
1.02208570595E+06,-2.53040867635E-02,-3.16487221950E+01,-3.16526427392E+01,-3.04256402672E-02
1.04130710012E+06,-2.45712906492E-02,-3.14244036453E+01,-3.14178607115E+01,-3.07982004020E-02
1.06088997278E+06,-2.56243607479E-02,-3.11767574138E+01,-3.11926256227E+01,-3.21581248875E-02
1.08084112191E+06,-2.84551248218E-02,-3.09237946441E+01,-3.09517344598E+01,-3.16176357386E-02
1.10116747333E+06,-2.99179738880E-02,-3.06781691611E+01,-3.06929692734E+01,-3.42237421967E-02
1.12187608312E+06,-3.23213487095E-02,-3.04270105723E+01,-3.04616763926E+01,-3.63933873853E-02
1.14297414004E+06,-3.37693146953E-02,-3.01708155677E+01,-3.01875106687E+01,-3.89433599031E-02
1.16446896807E+06,-3.66617703996E-02,-2.99082439166E+01,-2.99184402795E+01,-4.22571135520E-02
1.18636802889E+06,-3.72297452809E-02,-2.96231093004E+01,-2.96441617267E+01,-4.42053195971E-02
1.20867892452E+06,-4.10927751985E-02,-2.93509657138E+01,-2.93550376735E+01,-4.60577117645E-02
1.23140939996E+06,-4.37275260107E-02,-2.90386936429E+01,-2.90680652452E+01,-5.07527208440E-02
1.25456734585E+06,-4.93309244603E-02,-2.87550818754E+01,-2.87624686162E+01,-5.49958912167E-02
1.27816080120E+06,-5.39873554790E-02,-2.84263116506E+01,-2.84477386488E+01,-6.11908380512E-02
1.30219795624E+06,-5.97171608241E-02,-2.81154627735E+01,-2.81276481525E+01,-6.73151936421E-02
1.32668715520E+06,-6.58966632148E-02,-2.77661890027E+01,-2.77798862796E+01,-7.56201719539E-02
1.35163689924E+06,-7.43317372480E-02,-2.74198482071E+01,-2.74234041493E+01,-8.43121796706E-02
1.37705584940E+06,-8.30719979147E-02,-2.70567429007E+01,-2.70736777317E+01,-9.58950855166E-02
1.40295282959E+06,-9.69679276705E-02,-2.66819610964E+01,-2.66950902369E+01,-1.08557475810E-01
1.42933682967E+06,-1.11181954972E-01,-2.62833130956E+01,-2.62973471875E+01,-1.24124132441E-01
1.45621700855E+06,-1.31075576327E-01,-2.58850986398E+01,-2.59140532685E+01,-1.43101960348E-01
1.48360269740E+06,-1.53365980236E-01,-2.54977435299E+01,-2.55008635329E+01,-1.67036055733E-01
1.51150340287E+06,-1.81510386003E-01,-2.50811589450E+01,-2.50984770293E+01,-1.96871181845E-01
1.53992881038E+06,-2.14764299291E-01,-2.46965546452E+01,-2.47095661851E+01,-2.31385661691E-01
1.56888878750E+06,-2.55874020328E-01,-2.43270917637E+01,-2.43646997540E+01,-2.73993108225E-01
1.59839338738E+06,-3.00660581364E-01,-2.40429578819E+01,-2.40577300201E+01,-3.23492963376E-01
1.62845285222E+06,-3.48216710462E-01,-2.38274759209E+01,-2.38346096153E+01,-3.74229294054E-01
1.65907761684E+06,-3.95801375791E-01,-2.37236893956E+01,-2.37480496634E+01,-4.24686136135E-01
1.69027831229E+06,-4.32612021733E-01,-2.37994676873E+01,-2.38151488924E+01,-4.65293316655E-01
1.72206576956E+06,-4.57052741678E-01,-2.40519270591E+01,-2.40673381563E+01,-4.90289443178E-01
1.75445102331E+06,-4.58957533069E-01,-2.45050953409E+01,-2.45274133709E+01,-4.95931641455E-01
1.78744531575E+06,-4.46259631974E-01,-2.51309471275E+01,-2.51536096995E+01,-4.81032846781E-01
1.82106010047E+06,-4.20995322446E-01,-2.59124983919E+01,-2.59269052972E+01,-4.53206377070E-01
1.85530704650E+06,-3.85879989359E-01,-2.67677470769E+01,-2.67953199792E+01,-4.17384874598E-01
1.89019804228E+06,-3.49863378515E-01,-2.77009483718E+01,-2.77214244510E+01,-3.77478139113E-01
1.92574519984E+06,-3.13768746810E-01,-2.86346202300E+01,-2.86603659598E+01,-3.40050613874E-01
1.96196085901E+06,-2.83331430806E-01,-2.95577776889E+01,-2.95725120189E+01,-3.07045321787E-01
1.99885759164E+06,-2.54107359013E-01,-3.04190801833E+01,-3.04270990210E+01,-2.75157727498E-01
2.03644820605E+06,-2.32125830654E-01,-3.11821120920E+01,-3.11943979768E+01,-2.51353122781E-01
2.07474575141E+06,-2.10177954950E-01,-3.18559773829E+01,-3.18570622082E+01,-2.27562264621E-01
2.11376352229E+06,-1.92582838554E-01,-3.23909575937E+01,-3.23991356564E+01,-2.10811764057E-01
2.15351506329E+06,-1.77064229627E-01,-3.27772471727E+01,-3.28060519683E+01,-1.93528439210E-01
2.19401417374E+06,-1.63586787731E-01,-3.30359903113E+01,-3.30732847372E+01,-1.78998560499E-01
2.23527491245E+06,-1.54190451541E-01,-3.31746223914E+01,-3.32144032805E+01,-1.67973911178E-01
2.27731160265E+06,-1.44014781309E-01,-3.32035136579E+01,-3.32523294190E+01,-1.60171667503E-01
2.32013883691E+06,-1.35943534938E-01,-3.31602865334E+01,-3.32089635327E+01,-1.50412765700E-01
2.36377148226E+06,-1.29734292249E-01,-3.30623934047E+01,-3.30482595787E+01,-1.42038023464E-01
2.40822468528E+06,-1.23605496563E-01,-3.28611905549E+01,-3.28564438870E+01,-1.32740123231E-01
2.45351387743E+06,-1.17128178008E-01,-3.26292516248E+01,-3.26703299403E+01,-1.28915395383E-01
2.49965478036E+06,-1.12616315805E-01,-3.23964812517E+01,-3.24176016008E+01,-1.23704561060E-01
2.54666341139E+06,-1.09389940432E-01,-3.21513103636E+01,-3.21692327756E+01,-1.19238291382E-01
2.59455608905E+06,-1.04761680486E-01,-3.18805508039E+01,-3.18850868318E+01,-1.15974122534E-01
2.64334943877E+06,-1.01280315130E-01,-3.15973787150E+01,-3.15944540741E+01,-1.12684471809E-01
2.69306039863E+06,-1.00039219605E-01,-3.12838384635E+01,-3.13161536032E+01,-1.09077823756E-01
2.74370622524E+06,-9.71603572882E-02,-3.10179126696E+01,-3.10535380470E+01,-1.07820586157E-01
2.79530449978E+06,-9.58466688704E-02,-3.07609178194E+01,-3.07819450460E+01,-1.06138839498E-01
2.84787313400E+06,-9.37460644674E-02,-3.04863664436E+01,-3.05069139918E+01,-1.03736378048E-01
2.90143037655E+06,-9.15587357693E-02,-3.02334967352E+01,-3.02421691424E+01,-1.01425532556E-01
2.95599481925E+06,-8.88690509462E-02,-2.99744845075E+01,-3.00001690658E+01,-1.00476362028E-01
3.01158540354E+06,-8.83684790605E-02,-2.96900658954E+01,-2.97302811077E+01,-9.91554973440E-02
3.06822142711E+06,-8.95093268984E-02,-2.94511068224E+01,-2.94772555620E+01,-9.85408809364E-02
3.12592255052E+06,-8.73469728980E-02,-2.92035609906E+01,-2.92212416804E+01,-9.67059791655E-02
3.18470880411E+06,-8.67159415894E-02,-2.89590426173E+01,-2.89859531123E+01,-9.64517023793E-02
3.24460059488E+06,-8.64358591201E-02,-2.87218196424E+01,-2.87456818897E+01,-9.65462642127E-02
3.30561871362E+06,-8.56336459177E-02,-2.84934328510E+01,-2.85113643106E+01,-9.52665077239E-02
3.36778434211E+06,-8.58044100647E-02,-2.82586757202E+01,-2.82968977314E+01,-9.53868378675E-02
3.43111906047E+06,-8.51174298826E-02,-2.80276126285E+01,-2.80570250403E+01,-9.59420677561E-02
3.49564485467E+06,-8.40322920050E-02,-2.78238336927E+01,-2.78442690811E+01,-9.54999852909E-02
3.56138412413E+06,-8.50574906479E-02,-2.75965299391E+01,-2.76208082489E+01,-9.55644413175E-02
3.62835968954E+06,-8.42704660399E-02,-2.73818143178E+01,-2.74003009045E+01,-9.63584682169E-02
3.69659480073E+06,-8.54063449675E-02,-2.71608624059E+01,-2.72008987242E+01,-9.54689234686E-02
3.76611314479E+06,-8.46205883606E-02,-2.69586000575E+01,-2.69855264688E+01,-9.57602186829E-02
3.83693885425E+06,-8.43019086820E-02,-2.67546548651E+01,-2.67699302798E+01,-9.53327214870E-02
3.90909651550E+06,-8.58910893859E-02,-2.65384710417E+01,-2.65696700186E+01,-9.58303134339E-02
3.98261117728E+06,-8.59895752811E-02,-2.63479370946E+01,-2.63644984308E+01,-9.81863997765E-02
4.05750835941E+06,-8.69733765327E-02,-2.61435569165E+01,-2.61617518023E+01,-9.90040122251E-02
4.13381406165E+06,-8.74016137418E-02,-2.59461090072E+01,-2.59785257161E+01,-9.77029414594E-02
4.21155477268E+06,-8.80842574520E-02,-2.57540538613E+01,-2.57751797540E+01,-9.84824252324E-02
4.29075747936E+06,-8.87709869956E-02,-2.55579631249E+01,-2.55757567233E+01,-9.94466522147E-02
4.37144967604E+06,-8.96638415683E-02,-2.53656369008E+01,-2.53924688054E+01,-1.01202309764E-01
4.45365937415E+06,-9.11846023536E-02,-2.51755887937E+01,-2.51992289987E+01,-1.03048719388E-01
4.53741511189E+06,-9.20270908949E-02,-2.49891374089E+01,-2.50105511842E+01,-1.03167647803E-01
4.62274596417E+06,-9.27365400030E-02,-2.47979154531E+01,-2.48108597066E+01,-1.04259002169E-01
4.70968155267E+06,-9.32881075589E-02,-2.46130869655E+01,-2.46359772920E+01,-1.05970995627E-01
4.79825205613E+06,-9.50256575723E-02,-2.44231901954E+01,-2.44487179842E+01,-1.06352174615E-01
4.88848822084E+06,-9.71697175981E-02,-2.42415519918E+01,-2.42670427029E+01,-1.06980033063E-01
4.98042137131E+06,-9.79200925507E-02,-2.40464123208E+01,-2.40822094367E+01,-1.09639474181E-01
5.07408342114E+06,-9.77979978259E-02,-2.38790045419E+01,-2.39097976571E+01,-1.10852746523E-01
5.16950688410E+06,-1.00607277355E-01,-2.36927943575E+01,-2.37217782886E+01,-1.10637089794E-01
5.26672488541E+06,-1.02724420704E-01,-2.35105404415E+01,-2.35332716331E+01,-1.13481338796E-01
5.36577117324E+06,-1.02359663850E-01,-2.33257836338E+01,-2.33626755623E+01,-1.13895910389E-01
5.46668013045E+06,-1.06152881668E-01,-2.31594599529E+01,-2.31720930540E+01,-1.16267785451E-01
5.56948678648E+06,-1.06336511745E-01,-2.29732692007E+01,-2.29994014765E+01,-1.17659424573E-01
5.67422682955E+06,-1.06918135140E-01,-2.28001980591E+01,-2.28244373068E+01,-1.17423360376E-01
5.78093661903E+06,-1.08090492745E-01,-2.26324222776E+01,-2.26545020632E+01,-1.20457484405E-01
5.88965319808E+06,-1.09984208267E-01,-2.24516066598E+01,-2.24660009136E+01,-1.21673540588E-01
6.00041430647E+06,-1.13423132808E-01,-2.22740575478E+01,-2.23007653779E+01,-1.22760575825E-01
6.11325839373E+06,-1.15146313961E-01,-2.20973264326E+01,-2.21267922116E+01,-1.25793356561E-01
6.22822463245E+06,-1.16557694140E-01,-2.19266198260E+01,-2.19550404208E+01,-1.26820388264E-01
6.34535293193E+06,-1.18095237186E-01,-2.17559764710E+01,-2.17857974512E+01,-1.30674341806E-01
6.46468395198E+06,-1.20659330233E-01,-2.15883741354E+01,-2.16066289951E+01,-1.31998912187E-01
6.58625911707E+06,-1.23338619937E-01,-2.14140951574E+01,-2.14433720280E+01,-1.34643456186E-01
6.71012063072E+06,-1.25655924123E-01,-2.12496903270E+01,-2.12671719158E+01,-1.36223355422E-01
6.83631149009E+06,-1.29318867258E-01,-2.10827705795E+01,-2.11043047814E+01,-1.38881254033E-01
6.96487550099E+06,-1.33288453009E-01,-2.09177520305E+01,-2.09370358685E+01,-1.40400581320E-01
7.09585729302E+06,-1.38455042969E-01,-2.07416638248E+01,-2.07619523937E+01,-1.44461082872E-01
7.22930233508E+06,-1.42652083678E-01,-2.05654187046E+01,-2.05866089274E+01,-1.45687887094E-01
7.36525695118E+06,-1.47694525992E-01,-2.03833042117E+01,-2.04055804365E+01,-1.49600905568E-01
7.50376833650E+06,-1.51053524300E-01,-2.02062830460E+01,-2.02288261945E+01,-1.53840381196E-01
7.64488457376E+06,-1.56940053177E-01,-2.00316554519E+01,-2.00669548086E+01,-1.54969918497E-01
7.78865464993E+06,-1.58346703474E-01,-1.98645343240E+01,-1.98837758348E+01,-1.57186229439E-01
7.93512847324E+06,-1.54377993073E-01,-1.96759914658E+01,-1.97053598364E+01,-1.60689286649E-01
8.08435689049E+06,-1.58956319558E-01,-1.95152197056E+01,-1.95344218331E+01,-1.62698291388E-01
8.23639170472E+06,-1.60397443530E-01,-1.93463719743E+01,-1.93709507787E+01,-1.65043912344E-01
8.39128569315E+06,-1.63045701371E-01,-1.91785764088E+01,-1.91983019090E+01,-1.68387555250E-01
8.54909262557E+06,-1.67141433112E-01,-1.90107784713E+01,-1.90314835777E+01,-1.71424836022E-01
8.70986728294E+06,-1.69378887020E-01,-1.88439006478E+01,-1.88604454181E+01,-1.73174332158E-01
8.87366547644E+06,-1.71564843815E-01,-1.86787513999E+01,-1.86936441395E+01,-1.78411003456E-01
9.04054406684E+06,-1.75582765960E-01,-1.85098675074E+01,-1.85305456478E+01,-1.82627769481E-01
9.21056098425E+06,-1.80410273709E-01,-1.83432516153E+01,-1.83601716469E+01,-1.86022701799E-01
9.38377524818E+06,-1.83692768639E-01,-1.81766531867E+01,-1.81902071685E+01,-1.88605282379E-01
9.56024698809E+06,-1.87901631466E-01,-1.80068357168E+01,-1.80246079365E+01,-1.92400359655E-01
9.74003746425E+06,-1.91137160915E-01,-1.78370193658E+01,-1.78575433658E+01,-1.96188416442E-01
9.92320908897E+06,-1.96869583659E-01,-1.76735029926E+01,-1.76935459491E+01,-2.00634102509E-01
1.01098254483E+07,-2.01309873317E-01,-1.75093781894E+01,-1.75234353726E+01,-2.05404195828E-01
1.02999513241E+07,-2.06331888867E-01,-1.73379696342E+01,-1.73591432484E+01,-2.07108094801E-01
1.04936527164E+07,-2.10090879373E-01,-1.71733085684E+01,-1.71916008605E+01,-2.12697690994E-01
1.06909968667E+07,-2.15274093285E-01,-1.70091227962E+01,-1.70265709003E+01,-2.16430887892E-01
1.08920522809E+07,-2.19963902539E-01,-1.68406446671E+01,-1.68615144642E+01,-2.20811013992E-01
1.10968887530E+07,-2.25352607066E-01,-1.66807793937E+01,-1.66906852486E+01,-2.26372427988E-01
1.13055773899E+07,-2.31435022192E-01,-1.65117664256E+01,-1.65269474208E+01,-2.31023172945E-01
1.15181906357E+07,-2.38424744858E-01,-1.63459056953E+01,-1.63603484727E+01,-2.35622066100E-01
1.17348022966E+07,-2.43625289610E-01,-1.61787708406E+01,-1.61934468290E+01,-2.42669472571E-01
1.19554875671E+07,-2.49818298536E-01,-1.60148682367E+01,-1.60283900152E+01,-2.47041890603E-01
1.21803230557E+07,-2.57045841386E-01,-1.58387647022E+01,-1.58614882826E+01,-2.53425772108E-01
1.24093868115E+07,-2.65396941882E-01,-1.56768986796E+01,-1.56942214399E+01,-2.59365479601E-01
1.26427583516E+07,-2.69829773097E-01,-1.55067678826E+01,-1.55241419909E+01,-2.65437598599E-01
1.28805186885E+07,-2.77875828026E-01,-1.53425355743E+01,-1.53605707341E+01,-2.72743304400E-01
1.31227503579E+07,-2.85619859581E-01,-1.51742791246E+01,-1.51942800895E+01,-2.80042268038E-01
1.33695374481E+07,-2.92270327719E-01,-1.50120000752E+01,-1.50326837901E+01,-2.85944886786E-01
1.36209656284E+07,-2.99828457783E-01,-1.48458775632E+01,-1.48635712389E+01,-2.93478970118E-01
1.38771221795E+07,-3.08540114753E-01,-1.46824068945E+01,-1.46997240095E+01,-2.99518990631E-01
1.41380960233E+07,-3.17734909489E-01,-1.45145884604E+01,-1.45346206812E+01,-3.07674889667E-01
1.44039777541E+07,-3.26382232334E-01,-1.43523456983E+01,-1.43714236587E+01,-3.18858734618E-01
1.46748596698E+07,-3.35885141766E-01,-1.41903095588E+01,-1.42088989458E+01,-3.26760072334E-01
1.49508358042E+07,-3.49753731428E-01,-1.40269057384E+01,-1.40482736138E+01,-3.34959823530E-01
1.52320019594E+07,-3.61924134459E-01,-1.38627301609E+01,-1.38821008809E+01,-3.45589577041E-01
1.55184557392E+07,-3.78415474449E-01,-1.37017016134E+01,-1.37210779371E+01,-3.55440243171E-01
1.58102965828E+07,-3.93665161864E-01,-1.35368163570E+01,-1.35588319667E+01,-3.64635342495E-01
1.61076257998E+07,-4.10423964562E-01,-1.33774339184E+01,-1.33963242198E+01,-3.78265003904E-01
1.64105466046E+07,-4.26131801888E-01,-1.32141443651E+01,-1.32327920852E+01,-3.89934241999E-01
1.67191641531E+07,-4.46361385891E-01,-1.30486080959E+01,-1.30664603024E+01,-4.01936066493E-01
1.70335855784E+07,-4.68226613061E-01,-1.28793032439E+01,-1.29002841201E+01,-4.15353563977E-01
1.73539200285E+07,-4.89248993925E-01,-1.27107458727E+01,-1.27277588560E+01,-4.30336825061E-01
1.76802787040E+07,-5.08452272331E-01,-1.25239938360E+01,-1.25458097636E+01,-4.44309354738E-01
1.80127748969E+07,-5.21068697320E-01,-1.23381683742E+01,-1.23595183978E+01,-4.60042405220E-01
1.83515240296E+07,-5.29845569489E-01,-1.21518777945E+01,-1.21776255421E+01,-4.72534161715E-01
1.86966436952E+07,-5.37470938912E-01,-1.19836930924E+01,-1.20030117701E+01,-4.88442808584E-01
1.90482536983E+07,-5.48905421749E-01,-1.18121428167E+01,-1.18348914621E+01,-5.02799853915E-01
1.94064760964E+07,-5.66297930242E-01,-1.16485688824E+01,-1.16699207343E+01,-5.20399411868E-01
1.97714352425E+07,-5.83725791357E-01,-1.14829041534E+01,-1.15038888635E+01,-5.37160151089E-01
2.01432578284E+07,-6.04728725136E-01,-1.13175888460E+01,-1.13398260027E+01,-5.52855881332E-01
2.05220729281E+07,-6.29068277435E-01,-1.11502742489E+01,-1.11760611936E+01,-5.76123985971E-01
2.09080120433E+07,-6.55424775994E-01,-1.09832484466E+01,-1.10087912639E+01,-5.96192205825E-01
2.13012091485E+07,-6.88176441254E-01,-1.08159185210E+01,-1.08497077642E+01,-6.17640677591E-01
2.17018007379E+07,-7.16232521299E-01,-1.06463302025E+01,-1.06735068486E+01,-6.40758691830E-01
2.21099258724E+07,-7.40394365803E-01,-1.04772974567E+01,-1.04972184282E+01,-6.65390311405E-01
2.25257262283E+07,-7.66082097319E-01,-1.03035868388E+01,-1.03212708744E+01,-6.90979462690E-01
2.29493461463E+07,-7.93166935588E-01,-1.01278242022E+01,-1.01471070922E+01,-7.15467254128E-01
2.33809326812E+07,-8.21852744402E-01,-9.95261692341E+00,-9.97358181319E+00,-7.42341692326E-01
2.38206356539E+07,-8.49979173967E-01,-9.77821962702E+00,-9.79702876596E+00,-7.71113209825E-01
2.42686077023E+07,-8.78437668765E-01,-9.60529043539E+00,-9.62546238858E+00,-7.99625932750E-01
2.47250043351E+07,-9.09301212751E-01,-9.43301777207E+00,-9.45409495174E+00,-8.31444138501E-01
2.51899839856E+07,-9.44189576993E-01,-9.26753612482E+00,-9.28903189870E+00,-8.65289812000E-01
2.56637080662E+07,-9.86704883427E-01,-9.10742199478E+00,-9.12813046505E+00,-8.96482552816E-01
2.61463410253E+07,-1.03781207170E+00,-8.95095699575E+00,-8.97207706695E+00,-9.30608348966E-01
2.66380504035E+07,-1.10352412237E+00,-8.79672867857E+00,-8.81656469829E+00,-9.70519957751E-01
2.71390068926E+07,-1.18007546775E+00,-8.62785504170E+00,-8.64661714870E+00,-1.01654977203E+00
2.76493843942E+07,-1.24763959401E+00,-8.43572876063E+00,-8.45393176190E+00,-1.06622786323E+00
2.81693600801E+07,-1.28662934250E+00,-8.22442202227E+00,-8.24517744888E+00,-1.11369863905E+00
2.86991144545E+07,-1.31596621322E+00,-8.03291271180E+00,-8.05497224698E+00,-1.16220444309E+00
2.92388314157E+07,-1.36284126504E+00,-7.85711816908E+00,-7.88747110097E+00,-1.20751624477E+00
2.97886983207E+07,-1.43379634683E+00,-7.69352977089E+00,-7.73372659474E+00,-1.25651305254E+00
3.03489060499E+07,-1.51109443116E+00,-7.53752141128E+00,-7.57420820408E+00,-1.31080593321E+00
3.09196490732E+07,-1.60373335890E+00,-7.39507158740E+00,-7.41183588602E+00,-1.37616876876E+00
3.15011255179E+07,-1.70234669028E+00,-7.21377778726E+00,-7.22986159060E+00,-1.44765554103E+00
3.20935372374E+07,-1.78411410437E+00,-7.02075740621E+00,-7.03691547369E+00,-1.52023189167E+00
3.26970898808E+07,-1.86151607915E+00,-6.82256028692E+00,-6.84307487311E+00,-1.59678851780E+00
3.33119929650E+07,-1.94253793138E+00,-6.64052239644E+00,-6.66240972108E+00,-1.66910990899E+00
3.39384599469E+07,-2.05443593355E+00,-6.47160858584E+00,-6.50294283032E+00,-1.74712708363E+00
3.45767082978E+07,-2.19795227030E+00,-6.32192444592E+00,-6.35846829017E+00,-1.82830024941E+00
3.52269595786E+07,-2.37554143060E+00,-6.18595610431E+00,-6.20828841170E+00,-1.92311752203E+00
3.58894395170E+07,-2.52968138531E+00,-5.99200776607E+00,-5.99174061913E+00,-2.04685265578E+00
3.65643780859E+07,-2.57328964803E+00,-5.71174279545E+00,-5.72099567401E+00,-2.17644910394E+00
3.72520095827E+07,-2.59011874369E+00,-5.47448983621E+00,-5.49236741181E+00,-2.28824972692E+00
3.79525727113E+07,-2.65874777145E+00,-5.28609065856E+00,-5.30857075121E+00,-2.39747788884E+00
3.86663106647E+07,-2.78394179602E+00,-5.12329952768E+00,-5.14052492826E+00,-2.51812625621E+00
3.93934712093E+07,-2.92130016258E+00,-4.96466055220E+00,-4.97938472989E+00,-2.64711794908E+00
4.01343067708E+07,-3.07717994704E+00,-4.79929630782E+00,-4.81673960969E+00,-2.79370644747E+00
4.08890745225E+07,-3.23647941009E+00,-4.62867356311E+00,-4.64780127916E+00,-2.94701716377E+00
4.16580364737E+07,-3.39610234108E+00,-4.45895036076E+00,-4.47832688864E+00,-3.11361513544E+00
4.24414595613E+07,-3.56913290361E+00,-4.29313078790E+00,-4.31280812415E+00,-3.28961486369E+00
4.32396157421E+07,-3.75678316072E+00,-4.13165759110E+00,-4.15193501195E+00,-3.47652027305E+00
4.40527820874E+07,-3.96506002788E+00,-3.97809600343E+00,-3.99787827279E+00,-3.67172504341E+00
4.48812408790E+07,-4.19449290315E+00,-3.83202389052E+00,-3.84876959849E+00,-3.88579295458E+00
4.57252797075E+07,-4.45185964097E+00,-3.68758241781E+00,-3.70733948789E+00,-4.11140331453E+00
4.65851915719E+07,-4.73117839869E+00,-3.55287239535E+00,-3.57057665221E+00,-4.35529376056E+00
4.74612749811E+07,-5.03741857827E+00,-3.42339329913E+00,-3.43932864161E+00,-4.61851828237E+00
4.83538340582E+07,-5.37241263790E+00,-3.29662076626E+00,-3.31524695599E+00,-4.89800433231E+00
4.92631786452E+07,-5.73744370293E+00,-3.17906691384E+00,-3.19953549545E+00,-5.19730412538E+00
5.01896244114E+07,-6.13104800107E+00,-3.06878459335E+00,-3.08765699612E+00,-5.52011171166E+00
5.11334929623E+07,-6.56201412267E+00,-2.96548444546E+00,-2.98487265157E+00,-5.86336526476E+00
5.20951119517E+07,-7.03165192102E+00,-2.87701311139E+00,-2.89582109882E+00,-6.22121772947E+00
5.30748151953E+07,-7.55204743372E+00,-2.80354721215E+00,-2.81911527957E+00,-6.59719566702E+00
5.40729427863E+07,-8.13335959535E+00,-2.74012508645E+00,-2.75692391232E+00,-6.99057505355E+00
5.50898412140E+07,-8.76912247497E+00,-2.69306530529E+00,-2.70670240885E+00,-7.40653808057E+00
5.61258634837E+07,-9.42981507212E+00,-2.64500495950E+00,-2.65616951246E+00,-7.84781841401E+00
5.71813692393E+07,-1.01868366256E+01,-2.61595565957E+00,-2.62795386689E+00,-8.30447361741E+00
5.82567248881E+07,-1.09639551664E+01,-2.58241018532E+00,-2.59828132681E+00,-8.79880366521E+00
5.93523037283E+07,-1.17379586746E+01,-2.55541000180E+00,-2.57347355810E+00,-9.28640749632E+00
6.04684860782E+07,-1.25670769264E+01,-2.55117226966E+00,-2.56955254760E+00,-9.76475611730E+00
6.16056594083E+07,-1.34000696098E+01,-2.57446002410E+00,-2.59125984608E+00,-1.02128797031E+01
6.27642184762E+07,-1.40863576656E+01,-2.60939362945E+00,-2.62520932760E+00,-1.06664500358E+01
6.39445654630E+07,-1.44360099552E+01,-2.62171971259E+00,-2.63497450508E+00,-1.09309257043E+01
6.51471101134E+07,-1.48960638286E+01,-2.70827492395E+00,-2.72380361697E+00,-1.09104572087E+01
6.63722698778E+07,-1.53836335453E+01,-3.00199976720E+00,-3.01986407469E+00,-1.11515602027E+01
6.76204700572E+07,-1.37555318490E+01,-3.04558744418E+00,-3.05845152302E+00,-1.14822322035E+01
6.88921439506E+07,-1.29639737799E+01,-3.04001708254E+00,-3.05776594779E+00,-1.07676696201E+01
7.01877330060E+07,-1.24194116145E+01,-3.19456991217E+00,-3.20974567299E+00,-1.01834192985E+01
7.15076869730E+07,-1.18535689933E+01,-3.39840475405E+00,-3.41553956549E+00,-9.65469071639E+00
7.28524640594E+07,-1.13347265620E+01,-3.62296980829E+00,-3.64120119526E+00,-9.16234545716E+00
7.42225310900E+07,-1.09224758114E+01,-3.85533218807E+00,-3.89226215394E+00,-8.76198704120E+00
7.56183636687E+07,-1.05666432897E+01,-4.05433520379E+00,-4.07524079688E+00,-8.45645276002E+00
7.70404463437E+07,-1.03960744613E+01,-4.15863943058E+00,-4.17490779194E+00,-8.21326315985E+00
7.84892727755E+07,-1.04334274081E+01,-4.19150068533E+00,-4.20794880664E+00,-8.08946580836E+00
7.99653459087E+07,-1.06389843415E+01,-4.13738390902E+00,-4.15550670104E+00,-8.06774648943E+00
8.14691781460E+07,-1.10103011397E+01,-4.03115827619E+00,-4.04902648868E+00,-8.13089547374E+00
8.30012915265E+07,-1.14668261743E+01,-3.91023847034E+00,-3.92562651585E+00,-8.27667804537E+00
8.45622179067E+07,-1.19021668570E+01,-3.78755188141E+00,-3.80644725163E+00,-8.46686693501E+00
8.61524991454E+07,-1.22018847837E+01,-3.67085759563E+00,-3.69072966836E+00,-8.62575778303E+00
8.77726872915E+07,-1.23419788709E+01,-3.56808921555E+00,-3.58806646605E+00,-8.74344945704E+00
8.94233447757E+07,-1.23525139213E+01,-3.50450437659E+00,-3.52404589559E+00,-8.82271421673E+00
9.11050446059E+07,-1.22154110220E+01,-3.49573759953E+00,-3.51430782345E+00,-8.90521041945E+00
9.28183705661E+07,-1.18976229426E+01,-3.53706955613E+00,-3.55240969230E+00,-9.02705412609E+00
9.45639174187E+07,-1.14347790392E+01,-3.60057067628E+00,-3.61869164147E+00,-9.13574008120E+00
9.63422911115E+07,-1.09256209503E+01,-3.65434127172E+00,-3.67561558327E+00,-9.15221442050E+00
9.81541089876E+07,-1.05285971374E+01,-3.74155251240E+00,-3.75430896701E+00,-9.16623592030E+00
1.00000000000E+08,-1.01495576852E+01,-3.90883757807E+00,-3.92361379785E+00,-9.34247185775E+00
